business_name,category,region,phone,address,website,public_email,source_url,qa_note
OVME Richmond,Med spa,Richmond VA,804-999-6863,"6239 River Road, Richmond, VA 23229",https://ovme.com/a/studio-locations/locations/ovme-river-road-richmond-va,,https://ovme.com/a/studio-locations/locations/ovme-river-road-richmond-va,Official location page lists phone and address; no public general email found on source page.
Diverse Aesthetics,Facial med spa / injectables,Richmond VA,804-234-8200,"2809 Emerywood Parkway Suite 330F, Richmond, VA 23294",https://www.diverseaesthetics.com/contact,info@DiverseAesthetics.com,https://www.diverseaesthetics.com/contact,Official contact page lists phone email address and hours.
Contour Medical Aesthetics,Med spa / medical aesthetics,Virginia Beach VA,757-796-8600,"523 Hilltop Plaza Suite 4, Virginia Beach, VA 23454",https://www.contourmedicalaesthetics.com/contact,contourmedicalaesthetics.va@gmail.com,https://www.contourmedicalaesthetics.com/contact,Official contact page lists phone email address and hours.
Brazilian Beauty Medspa,Med spa,Virginia Beach VA,757-755-0015,"615 N Birdneck Road Suite 109, Virginia Beach, VA 23451",https://www.medspabrazilianbeauty.com/contact,medspabrazilianbeauty@gmail.com,https://www.medspabrazilianbeauty.com/contact,Official contact page lists phone email address and hours.
The Skin Chic - Shore Drive,Med spa,Virginia Beach VA,757-575-6693,"2829 Shore Dr Ste 201, Virginia Beach, VA 23451",https://theskinchic.com/pages/locations,theskinchic1@gmail.com,https://theskinchic.com/pages/locations,Official locations page lists phone email address and hours.
The Skin Chic - ViBe District,Med spa,Virginia Beach VA,757-652-5118,"700 19th St, Virginia Beach, VA 23451",https://theskinchic.com/pages/locations,theskinchic1@gmail.com,https://theskinchic.com/pages/locations,Official locations page lists phone email address and hours.
Hampton Roads Health & Wellness,Primary care / wellness,Norfolk VA,757-271-4049,"885 Kempsville Road Suite 224, Norfolk, VA 23502",https://www.hrhwellness.com/contact,admin@hrwellness.com,https://www.hrhwellness.com/contact,Official contact page lists phone email address and hours.
Hampton Roads Wellness Center,Wellness center,Hampton VA,757-904-3319,"2100 Executive Drive Suite B, Hampton, VA",https://hamptonroadswellnesscenter.com/contact-us,hamptonroadswellness@gmail.com,https://hamptonroadswellnesscenter.com/contact-us,Official contact page lists phone email address and hours.
Antidote Aesthetics,Medical spa / aesthetics,Virginia Beach VA,757-995-4732,"968 First Colonial Rd #102, Virginia Beach, VA 23454",https://www.antidoteaesthetics.com/,hello@antidoteaesthetics.com,https://www.antidoteaesthetics.com/,Official homepage contact section lists phone email and address.
